{
  "DELTA_HFS_QED": 203391.69,
  "mills_ritter": {
    "Control_Ps uniforme (termalizado)": {
      "B_res": 0.7825747124604838,
      "delta_hfs_extracted": 203391.63256875912,
      "delta_hfs_shift": -0.05743124088621698,
      "delta_hfs_corrected": 0.0,
      "fit_width_nu": 9.99972241463195
    },
    "Control_Ps no termalizado (\u03bb=30 mm)": {
      "B_res": 0.7825747124604838,
      "delta_hfs_extracted": 203391.63256875912,
      "delta_hfs_shift": -0.05743124088621698,
      "delta_hfs_corrected": 0.0,
      "fit_width_nu": 9.99972241463195
    },
    "Control_Ps no termalizado (\u03bb=50 mm)": {
      "B_res": 0.7825747124604838,
      "delta_hfs_extracted": 203391.63256875912,
      "delta_hfs_shift": -0.05743124088621698,
      "delta_hfs_corrected": 0.0,
      "fit_width_nu": 9.99972241463195
    },
    "Control_Ps gaussiano (\u03c3=40 mm)": {
      "B_res": 0.7825747124604838,
      "delta_hfs_extracted": 203391.63256875912,
      "delta_hfs_shift": -0.05743124088621698,
      "delta_hfs_corrected": 0.0,
      "fit_width_nu": 9.99972241463195
    },
    "c\u2082=5 ppm_Ps uniforme (termalizado)": {
      "B_res": 0.7825744220798018,
      "delta_hfs_extracted": 203391.4798934973,
      "delta_hfs_shift": -0.21010650269454345,
      "delta_hfs_corrected": -0.15267526180832647,
      "fit_width_nu": 9.999800749915453
    },
    "c\u2082=5 ppm_Ps no termalizado (\u03bb=30 mm)": {
      "B_res": 0.7825735706577097,
      "delta_hfs_extracted": 203391.03223631787,
      "delta_hfs_shift": -0.6577636821311899,
      "delta_hfs_corrected": -0.6003324412449729,
      "fit_width_nu": 9.999788826155427
    },
    "c\u2082=5 ppm_Ps no termalizado (\u03bb=50 mm)": {
      "B_res": 0.7825739730831458,
      "delta_hfs_extracted": 203391.2438218351,
      "delta_hfs_shift": -0.4461781649151817,
      "delta_hfs_corrected": -0.3887469240289647,
      "fit_width_nu": 9.999802973536477
    },
    "c\u2082=5 ppm_Ps gaussiano (\u03c3=40 mm)": {
      "B_res": 0.7825744588261601,
      "delta_hfs_extracted": 203391.4992138559,
      "delta_hfs_shift": -0.19078614411409944,
      "delta_hfs_corrected": -0.13335490322788246,
      "fit_width_nu": 9.99975137132208
    },
    "c\u2082=10 ppm_Ps uniforme (termalizado)": {
      "B_res": 0.7825741317035252,
      "delta_hfs_extracted": 203391.32722060633,
      "delta_hfs_shift": -0.3627793936757371,
      "delta_hfs_corrected": -0.3053481527895201,
      "fit_width_nu": 10.000042563098514
    },
    "c\u2082=10 ppm_Ps no termalizado (\u03bb=30 mm)": {
      "B_res": 0.7825724288431106,
      "delta_hfs_extracted": 203390.43189853642,
      "delta_hfs_shift": -1.2581014635798056,
      "delta_hfs_corrected": -1.2006702226935886,
      "fit_width_nu": 10.000016148196691
    },
    "c\u2082=10 ppm_Ps no termalizado (\u03bb=50 mm)": {
      "B_res": 0.7825732337005463,
      "delta_hfs_extracted": 203390.85507251203,
      "delta_hfs_shift": -0.834927487972891,
      "delta_hfs_corrected": -0.777496247086674,
      "fit_width_nu": 10.000062791972933
    },
    "c\u2082=10 ppm_Ps gaussiano (\u03c3=40 mm)": {
      "B_res": 0.782574205201153,
      "delta_hfs_extracted": 203391.36586389344,
      "delta_hfs_shift": -0.32413610655930825,
      "delta_hfs_corrected": -0.26670486567309126,
      "fit_width_nu": 9.999844753927553
    },
    "c\u2082=15 ppm_Ps uniforme (termalizado)": {
      "B_res": 0.7825738413514844,
      "delta_hfs_extracted": 203391.17456051637,
      "delta_hfs_shift": -0.5154394836281426,
      "delta_hfs_corrected": -0.45800824274192564,
      "fit_width_nu": 10.00044818363683
    },
    "c\u2082=15 ppm_Ps no termalizado (\u03bb=30 mm)": {
      "B_res": 0.7825712870170235,
      "delta_hfs_extracted": 203389.8315555897,
      "delta_hfs_shift": -1.8584444102889393,
      "delta_hfs_corrected": -1.8010131694027223,
      "fit_width_nu": 10.000404760916904
    },
    "c\u2082=15 ppm_Ps no termalizado (\u03bb=50 mm)": {
      "B_res": 0.782572494321879,
      "delta_hfs_extracted": 203390.46632562374,
      "delta_hfs_shift": -1.2236743762623519,
      "delta_hfs_corrected": -1.1662431353761349,
      "fit_width_nu": 10.000502195930915
    },
    "c\u2082=15 ppm_Ps gaussiano (\u03c3=40 mm)": {
      "B_res": 0.7825739515851001,
      "delta_hfs_extracted": 203391.23251868322,
      "delta_hfs_shift": -0.4574813167855609,
      "delta_hfs_corrected": -0.40005007589934394,
      "fit_width_nu": 10.00000226977856
    },
    "c\u2082=20 ppm_Ps uniforme (termalizado)": {
      "B_res": 0.7825735510329864,
      "delta_hfs_extracted": 203391.02191811835,
      "delta_hfs_shift": -0.6680818816530518,
      "delta_hfs_corrected": -0.6106506407668348,
      "fit_width_nu": 10.001017512670634
    },
    "c\u2082=20 ppm_Ps no termalizado (\u03bb=30 mm)": {
      "B_res": 0.7825701451693716,
      "delta_hfs_extracted": 203389.23120217977,
      "delta_hfs_shift": -2.4587978202325758,
      "delta_hfs_corrected": -2.4013665793463588,
      "fit_width_nu": 10.000954528632066
    },
    "c\u2082=20 ppm_Ps no termalizado (\u03bb=50 mm)": {
      "B_res": 0.78257175494585,
      "delta_hfs_extracted": 203390.07758048963,
      "delta_hfs_shift": -1.6124195103766397,
      "delta_hfs_corrected": -1.5549882694904227,
      "fit_width_nu": 10.001121050828454
    },
    "c\u2082=20 ppm_Ps gaussiano (\u03c3=40 mm)": {
      "B_res": 0.78257369799338,
      "delta_hfs_extracted": 203391.0991863083,
      "delta_hfs_shift": -0.5908136916987132,
      "delta_hfs_corrected": -0.5333824508124962,
      "fit_width_nu": 10.000224161095787
    },
    "c\u2082=50 ppm_Ps uniforme (termalizado)": {
      "B_res": 0.7825718104935776,
      "delta_hfs_extracted": 203390.10678606055,
      "delta_hfs_shift": -1.5832139394478872,
      "delta_hfs_corrected": -1.5257826985616703,
      "fit_width_nu": 10.007866805279805
    },
    "c\u2082=50 ppm_Ps no termalizado (\u03bb=30 mm)": {
      "B_res": 0.782563293212804,
      "delta_hfs_extracted": 203385.62864235663,
      "delta_hfs_shift": -6.0613576433679555,
      "delta_hfs_corrected": -6.0039264024817385,
      "fit_width_nu": 10.007633861931959
    },
    "c\u2082=50 ppm_Ps no termalizado (\u03bb=50 mm)": {
      "B_res": 0.7825673188192802,
      "delta_hfs_extracted": 203387.74518554026,
      "delta_hfs_shift": -3.9448144597408827,
      "delta_hfs_corrected": -3.8873832188546658,
      "fit_width_nu": 10.008598846644473
    },
    "c\u2082=50 ppm_Ps gaussiano (\u03c3=40 mm)": {
      "B_res": 0.7825721773184285,
      "delta_hfs_extracted": 203390.2996532168,
      "delta_hfs_shift": -1.3903467832133174,
      "delta_hfs_corrected": -1.3329155423271004,
      "fit_width_nu": 10.00290405385804
    },
    "Realista 1_Ps uniforme (termalizado)": {
      "B_res": 0.7825741282572268,
      "delta_hfs_extracted": 203391.32540862658,
      "delta_hfs_shift": -0.36459137342171744,
      "delta_hfs_corrected": -0.30716013253550045,
      "fit_width_nu": 10.000102845315958
    },
    "Realista 1_Ps no termalizado (\u03bb=30 mm)": {
      "B_res": 0.7825734244354342,
      "delta_hfs_extracted": 203390.95535622555,
      "delta_hfs_shift": -0.7346437744563445,
      "delta_hfs_corrected": -0.6772125335701276,
      "fit_width_nu": 9.99983625676408
    },
    "Realista 1_Ps no termalizado (\u03bb=50 mm)": {
      "B_res": 0.7825739363233196,
      "delta_hfs_extracted": 203391.22449440768,
      "delta_hfs_shift": -0.4655055923212785,
      "delta_hfs_corrected": -0.40807435143506154,
      "fit_width_nu": 9.999892938642581
    },
    "Realista 1_Ps gaussiano (\u03c3=40 mm)": {
      "B_res": 0.7825742040587177,
      "delta_hfs_extracted": 203391.36526322874,
      "delta_hfs_shift": -0.3247367712610867,
      "delta_hfs_corrected": -0.2673055303748697,
      "fit_width_nu": 9.999885696401229
    },
    "Realista 2_Ps uniforme (termalizado)": {
      "B_res": 0.7825738357787698,
      "delta_hfs_extracted": 203391.17163051854,
      "delta_hfs_shift": -0.5183694814622868,