{
  "mills_measured": {
    "delta_hfs_corrected": -0.7025851716171019,
    "mean_dB_ppm": 1.7000079811251845
  },
  "mills_uniform": {
    "delta_hfs_corrected": 67.36465680607944,
    "mean_dB_ppm": -162.97025346800035
  },
  "ritter_scan": {
    "2": {
      "delta_hfs_corrected": -0.11936256207991391,
      "mean_dB_ppm": 0.2900309162852185
    },
    "3": {
      "delta_hfs_corrected": -0.17904378671664745,
      "mean_dB_ppm": 0.4350463744277143
    },
    "5": {
      "delta_hfs_corrected": -0.29840602501644753,
      "mean_dB_ppm": 0.7250772907130761
    },
    "8": {
      "delta_hfs_corrected": -0.47744854277698323,
      "mean_dB_ppm": 1.160123665141058
    },
    "10": {
      "delta_hfs_corrected": -0.5968094191921409,
      "mean_dB_ppm": 1.4501545814261019
    },
    "15": {
      "delta_hfs_corrected": -0.8952075979905203,
      "mean_dB_ppm": 2.175231872139375
    },
    "20": {
      "delta_hfs_corrected": -1.1935979824047536,
      "mean_dB_ppm": 2.900309162852307
    }
  },
  "ritter_nontherm": {
    "30": {
      "delta_hfs_corrected": -0.3217269314045552
    },
    "50": {
      "delta_hfs_corrected": -0.30648610735079274
    }
  },
  "ishida_uniform": 0.18111682025482878,
  "ishida_nontherm": -0.05231724918121472,
  "sensitivity_grid_ritter": {
    "c2_vals": [
      2.0,
      3.642857142857143,
      5.285714285714286,
      6.928571428571429,
      8.571428571428571,
      10.214285714285714,
      11.857142857142858,
      13.5,
      15.142857142857142,
      16.785714285714285,
      18.428571428571427,
      20.07142857142857,
      21.714285714285715,
      23.357142857142858,
      25.0
    ],
    "lam_vals": [
      10.0,
      13.571428571428571,
      17.142857142857142,
      20.714285714285715,
      24.285714285714285,
      27.857142857142858,
      31.42857142857143,
      35.0,
      38.57142857142857,
      42.142857142857146,
      45.714285714285715,
      49.285714285714285,
      52.85714285714286,
      56.42857142857143,
      60.0
    ],
    "grid": [
      [
        1.9365426619187929,
        3.5272901371354237,
        5.118051962752361,
        6.7088280424359255,
        8.29961829300737,
        9.890422630531248,
        11.481240971887019,
        13.072073236806318,
        14.662919345253613,
        16.253779220569413,
        17.844652783998754,
        19.43553996272385,
        21.026440681423992,
        22.61735486931866,
        24.208282457315363
      ],
      [
        1.961293040018063,
        3.572369707573671,
        5.1834623359609395,
        6.794569737918209,
        8.405691837862832,
        10.016828567051562,
        11.627979852142744,
        13.239145622646902,
        14.85032581287669,
        16.461520351935178,
        18.07272917687078,
        19.683952221123036,
        21.295189420925453,
        22.906440714315977,
        24.517706039681798
      ],
      [
        1.9747554234636482,
        3.596890803251881,
        5.219042452226859,
        6.841209206177155,
        8.463391016586684,
        10.085587831912562,
        11.707799603871536,
        13.330026283540064,
        14.952267823915463,
        16.57452418009052,
        18.196795305935666,
        19.81908115823171,
        21.441381691081915,
        23.06369686414837,
        24.686026634037262
      ],
      [
        1.9826078768237494,
        3.6111937119276263,
        5.239796006208053,
        6.868413639778737,
        8.497046586795477,
        10.12569481812534,
        11.754358314326964,
        13.383037047402468,
        15.011730995494872,
        16.640440139221027,
        18.269164452241967,
        19.897903920151293,
        21.526658518007025,
        23.15542822977295,
        24.784213034639833
      ],
      [
        1.987263937771786,
        3.6196764841442928,
        5.2521044753084425,
        6.884547880734317,
        8.51700667035766,
        10.149480811756803,
        11.781970274518244,
        13.41447503073141,
        15.046995051729027,
        16.67953031187062,
        18.312080782139674,
        19.944646436546464,
        21.577227251022123,
        23.209823202108964,
        24.84243426055764
      ],
      [
        1.9903129679732956,
        3.6252281054621562,
        5.260159825877054,
        6.895106974465307,
        8.53006950049894,
        10.165047362592304,
        11.800040513771819,
        13.435048909886973,
        15.070072508446174,
        16.70511126704514,
        18.340165144065395,
        19.975234097626526,
        21.61031808925327,
        23.245417076337617,
        24.880531022528885
      ],
      [
        1.9925162375438958,
        3.6292432696791366,
        5.265985824953532,
        6.902743858430767,
        8.539517323253676,
        10.176306176406797,
        11.813110373797826,
        13.449929874099325,
        15.086764635285363,
        16.723614615562838,
        18.36047977799899,
        19.997360081702936,
        21.634255486394977,
        23.271165957383346,
        24.90809145400999
      ],
      [
        1.99429930082988,
        3.6324910033727065,
        5.270698208885733,
        6.908920850721188,
        8.54715886033955,
        10.185412167629693,
        11.823680707602762,
        13.461964414280374,
        15.100263219850603,
        16.738577063690173,
        18.3769058798498,
        20.015249607735313,
        21.653608182561584,
        23.29198154626647,
        24.93036963636405
      ],
      [
        1.9954769577016123,
        3.6346340255695395,
        5.273807750636479,
        6.912996964005288,
        8.552201599610271,
        10.191421598516172,
        11.830656902428018,
        13.469907454127679,
        15.109173194214236,
        16.748454068321735,
        18.38775002124021,
        20.02706099761417,
        21.666386945464183,
        23.30572780923103,
        24.945083537342725
      ],
      [
        1.9964779860747512,
        3.636457342945505,
        5.276453363476321,
        6.91646487035905,
        8.556491794879548,
        10.196534071612405,
        11.836591634928482,
        13.476664421672467,
        15.11675237028976,
        16.756855417159386,
        18.39697350305505,
        20.037106568168383,
        21.6772545495769,
        23.317417394689983,
        24.957595041079912
      ],
      [
        1.9972766773717012,
        3.6379141005163547,
        5.278567007975653,
        6.9192352940444835,
        8.559918852348346,
        10.200617578957463,
        11.841331371979322,
        13.482060129725141,
        15.122803751495667,
        16.763562136417022,
        18.4043351856526,
        20.04512280266499,
        21.685924891382456,
        23.326741354889236,
        24.9675720987143
      ],
      [
        1.9977878484351095,
        3.6388451481761876,
        5.279917897016276,
        6.921005970129045,
        8.562109245394822,
        10.203227595455246,
        11.844360899063759,
        13.485509034711868,
        15.126671882113442,
        16.767849321535323,
        18.40904123580549,
        20.050247508013854,
        21.691468021541368,
        23.332702661689837,
        24.97395131349913
      ],
      [
        1.9981876827368978,
        3.6395734548568726,
        5.2809747402206995,
        6.922391437750775,
        8.563823441974819,
        10.205270656733774,
        11.846732982783578,
        13.488210321869701,
        15.129702579404693,
        16.771209658065345,
        18.412731463671662,
        20.054267904226435,
        21.695818884967593,
        23.337384316022508,
        24.978964104433544
      ],
      [
        1.9986990334291477,
        3.6405048888991587,
        5.282326331944205,
        6.924163284886163,
        8.566015678545227,
        10.207883439434227,
        11.849766499886755,
        13.49166478792904,
        15.133578239241615,
        16.77550678141415,
        18.4174503510294,
        20.059408882050775,
        21.70138230943121,
